"Height ""","Width """,Container,Material,Liner,Finish,Quantity,Cost
0.85,4.85,Pre-Roll Tube,Metal BOPP ,PET,Gloss,1000,0.2574
0.85,4.85,Pre-Roll Tube,Metal BOPP ,PET,Gloss,2500,0.1222
0.85,4.85,Pre-Roll Tube,Metal BOPP ,PET,Gloss,5000,0.0767
0.85,4.85,Pre-Roll Tube,Metal BOPP ,PET,Gloss,7500,0.0624
0.85,4.85,Pre-Roll Tube,Metal BOPP ,PET,Gloss,10000,0.05486
0.85,4.85,Pre-Roll Tube,Metal BOPP ,PET,Gloss,15000,0.04732
0.85,4.85,Pre-Roll Tube,Metal BOPP ,PET,Gloss,20000,0.044135
0.85,4.85,Pre-Roll Tube,Metal BOPP ,PET,Gloss,50000,0.036868
0.85,4.85,Pre-Roll Tube,Metal BOPP ,PET,Gloss,75000,0.034359
0.85,4.85,Pre-Roll Tube,Metal BOPP ,PET,Gloss,100000,0.033046
0.85,4.85,Pre-Roll Tube,Metal BOPP ,PET,Gloss,400000,0.033046
0.85,4.85,Pre-Roll Tube,Metal BOPP ,PET,Gloss,800000,0.033046
0.85,4.85,Pre-Roll Tube,Metal BOPP ,PET,Gloss,1000000,0.033046
0.85,4.85,Pre-Roll Tube,Metal BOPP ,PET,Matte,1000,0.2574
0.85,4.85,Pre-Roll Tube,Metal BOPP ,PET,Matte,2500,0.1222
0.85,4.85,Pre-Roll Tube,Metal BOPP ,PET,Matte,5000,0.0767
0.85,4.85,Pre-Roll Tube,Metal BOPP ,PET,Matte,7500,0.0624
0.85,4.85,Pre-Roll Tube,Metal BOPP ,PET,Matte,10000,0.05486
0.85,4.85,Pre-Roll Tube,Metal BOPP ,PET,Matte,15000,0.04732
0.85,4.85,Pre-Roll Tube,Metal BOPP ,PET,Matte,20000,0.044135
0.85,4.85,Pre-Roll Tube,Metal BOPP ,PET,Matte,50000,0.036868
0.85,4.85,Pre-Roll Tube,Metal BOPP ,PET,Matte,75000,0.034359
0.85,4.85,Pre-Roll Tube,Metal BOPP ,PET,Matte,100000,0.033046
0.85,4.85,Pre-Roll Tube,Metal BOPP ,PET,Matte,400000,0.033046
0.85,4.85,Pre-Roll Tube,Metal BOPP ,PET,Matte,800000,0.033046
0.85,4.85,Pre-Roll Tube,Metal BOPP ,PET,Matte,1000000,0.033046
0.85,4.85,Pre-Roll Tube,White BOPP,PET,Gloss,1000,0.2457
0.85,4.85,Pre-Roll Tube,White BOPP,PET,Gloss,2500,0.11336
0.85,4.85,Pre-Roll Tube,White BOPP,PET,Gloss,5000,0.06994
0.85,4.85,Pre-Roll Tube,White BOPP,PET,Gloss,7500,0.055809
0.85,4.85,Pre-Roll Tube,White BOPP,PET,Gloss,10000,0.04849
0.85,4.85,Pre-Roll Tube,White BOPP,PET,Gloss,15000,0.04134
0.85,4.85,Pre-Roll Tube,White BOPP,PET,Gloss,20000,0.03835
0.85,4.85,Pre-Roll Tube,White BOPP,PET,Gloss,50000,0.031668
0.85,4.85,Pre-Roll Tube,White BOPP,PET,Gloss,75000,0.029445
0.85,4.85,Pre-Roll Tube,White BOPP,PET,Gloss,100000,0.028171
0.85,4.85,Pre-Roll Tube,White BOPP,PET,Gloss,400000,0.028171
0.85,4.85,Pre-Roll Tube,White BOPP,PET,Gloss,800000,0.028171
0.85,4.85,Pre-Roll Tube,White BOPP,PET,Gloss,1000000,0.028171
0.85,4.85,Pre-Roll Tube,White BOPP,PET,Matte,1000,0.2457
0.85,4.85,Pre-Roll Tube,White BOPP,PET,Matte,2500,0.11336
0.85,4.85,Pre-Roll Tube,White BOPP,PET,Matte,5000,0.06994
0.85,4.85,Pre-Roll Tube,White BOPP,PET,Matte,7500,0.055809
0.85,4.85,Pre-Roll Tube,White BOPP,PET,Matte,10000,0.04849
0.85,4.85,Pre-Roll Tube,White BOPP,PET,Matte,15000,0.04134
0.85,4.85,Pre-Roll Tube,White BOPP,PET,Matte,20000,0.03835
0.85,4.85,Pre-Roll Tube,White BOPP,PET,Matte,50000,0.031668
0.85,4.85,Pre-Roll Tube,White BOPP,PET,Matte,75000,0.029445
0.85,4.85,Pre-Roll Tube,White BOPP,PET,Matte,100000,0.028171
0.85,4.85,Pre-Roll Tube,White BOPP,PET,Matte,400000,0.028171
0.85,4.85,Pre-Roll Tube,White BOPP,PET,Matte,800000,0.028171
0.85,4.85,Pre-Roll Tube,White BOPP,PET,Matte,1000000,0.028171
1,3,Pre-Roll Tube,Metal BOPP ,PET,Gloss,1000,0.2457
1,3,Pre-Roll Tube,Metal BOPP ,PET,Gloss,2500,0.11076
1,3,Pre-Roll Tube,Metal BOPP ,PET,Gloss,5000,0.0663
1,3,Pre-Roll Tube,Metal BOPP ,PET,Gloss,7500,0.051649
1,3,Pre-Roll Tube,Metal BOPP ,PET,Gloss,10000,0.04433
1,3,Pre-Roll Tube,Metal BOPP ,PET,Gloss,15000,0.037271
1,3,Pre-Roll Tube,Metal BOPP ,PET,Gloss,20000,0.033475
1,3,Pre-Roll Tube,Metal BOPP ,PET,Gloss,50000,0.027092
1,3,Pre-Roll Tube,Metal BOPP ,PET,Gloss,75000,0.025285
1,3,Pre-Roll Tube,Metal BOPP ,PET,Gloss,100000,0.024089
1,3,Pre-Roll Tube,Metal BOPP ,PET,Gloss,400000,0.024089
1,3,Pre-Roll Tube,Metal BOPP ,PET,Gloss,800000,0.024089
1,3,Pre-Roll Tube,Metal BOPP ,PET,Gloss,1000000,0.024089
1,3,Pre-Roll Tube,Metal BOPP ,PET,Matte,1000,0.2457
1,3,Pre-Roll Tube,Metal BOPP ,PET,Matte,2500,0.11076
1,3,Pre-Roll Tube,Metal BOPP ,PET,Matte,5000,0.0663
1,3,Pre-Roll Tube,Metal BOPP ,PET,Matte,7500,0.051649
1,3,Pre-Roll Tube,Metal BOPP ,PET,Matte,10000,0.04433
1,3,Pre-Roll Tube,Metal BOPP ,PET,Matte,15000,0.037271
1,3,Pre-Roll Tube,Metal BOPP ,PET,Matte,20000,0.033475
1,3,Pre-Roll Tube,Metal BOPP ,PET,Matte,50000,0.027092
1,3,Pre-Roll Tube,Metal BOPP ,PET,Matte,75000,0.025285
1,3,Pre-Roll Tube,Metal BOPP ,PET,Matte,100000,0.024089
1,3,Pre-Roll Tube,Metal BOPP ,PET,Matte,400000,0.024089
1,3,Pre-Roll Tube,Metal BOPP ,PET,Matte,800000,0.024089
1,3,Pre-Roll Tube,Metal BOPP ,PET,Matte,1000000,0.024089
1,3,Pre-Roll Tube,White BOPP,PET,Gloss,1000,0.2366
1,3,Pre-Roll Tube,White BOPP,PET,Gloss,2500,0.10348
1,3,Pre-Roll Tube,White BOPP,PET,Gloss,5000,0.06162
1,3,Pre-Roll Tube,White BOPP,PET,Gloss,7500,0.047151
1,3,Pre-Roll Tube,White BOPP,PET,Gloss,10000,0.04017
1,3,Pre-Roll Tube,White BOPP,PET,Gloss,15000,0.033111
1,3,Pre-Roll Tube,White BOPP,PET,Gloss,20000,0.02938
1,3,Pre-Roll Tube,White BOPP,PET,Gloss,50000,0.023348
1,3,Pre-Roll Tube,White BOPP,PET,Gloss,75000,0.021827
1,3,Pre-Roll Tube,White BOPP,PET,Gloss,100000,0.020787
1,3,Pre-Roll Tube,White BOPP,PET,Gloss,400000,0.020787
1,3,Pre-Roll Tube,White BOPP,PET,Gloss,800000,0.020787
1,3,Pre-Roll Tube,White BOPP,PET,Gloss,1000000,0.020787
1,3,Pre-Roll Tube,White BOPP,PET,Matte,1000,0.2366
1,3,Pre-Roll Tube,White BOPP,PET,Matte,2500,0.10348
1,3,Pre-Roll Tube,White BOPP,PET,Matte,5000,0.06162
1,3,Pre-Roll Tube,White BOPP,PET,Matte,7500,0.047151
1,3,Pre-Roll Tube,White BOPP,PET,Matte,10000,0.04017
1,3,Pre-Roll Tube,White BOPP,PET,Matte,15000,0.033111
1,3,Pre-Roll Tube,White BOPP,PET,Matte,20000,0.02938
1,3,Pre-Roll Tube,White BOPP,PET,Matte,50000,0.023348
1,3,Pre-Roll Tube,White BOPP,PET,Matte,75000,0.021827
1,3,Pre-Roll Tube,White BOPP,PET,Matte,100000,0.020787
1,3,Pre-Roll Tube,White BOPP,PET,Matte,400000,0.020787
1,3,Pre-Roll Tube,White BOPP,PET,Matte,800000,0.020787
1,3,Pre-Roll Tube,White BOPP,PET,Matte,1000000,0.020787
1.5,6.5,1/8oz Jar,Metal BOPP ,PET,Gloss,1000,0.2912
1.5,6.5,1/8oz Jar,Metal BOPP ,PET,Gloss,2500,0.15756
1.5,6.5,1/8oz Jar,Metal BOPP ,PET,Gloss,5000,0.11206
1.5,6.5,1/8oz Jar,Metal BOPP ,PET,Gloss,7500,0.099151
1.5,6.5,1/8oz Jar,Metal BOPP ,PET,Gloss,10000,0.09087
1.5,6.5,1/8oz Jar,Metal BOPP ,PET,Gloss,15000,0.08346
1.5,6.5,1/8oz Jar,Metal BOPP ,PET,Gloss,20000,0.07904
1.5,6.5,1/8oz Jar,Metal BOPP ,PET,Gloss,50000,0.068874
1.5,6.5,1/8oz Jar,Metal BOPP ,PET,Gloss,75000,0.066469
1.5,6.5,1/8oz Jar,Metal BOPP ,PET,Gloss,100000,0.064883
1.5,6.5,1/8oz Jar,Metal BOPP ,PET,Gloss,400000,0.064883
1.5,6.5,1/8oz Jar,Metal BOPP ,PET,Gloss,800000,0.064883
1.5,6.5,1/8oz Jar,Metal BOPP ,PET,Gloss,1000000,0.064883
1.5,6.5,1/8oz Jar,Metal BOPP ,PET,Matte,1000,0.2912
1.5,6.5,1/8oz Jar,Metal BOPP ,PET,Matte,2500,0.15756
1.5,6.5,1/8oz Jar,Metal BOPP ,PET,Matte,5000,0.11206
1.5,6.5,1/8oz Jar,Metal BOPP ,PET,Matte,7500,0.099151
1.5,6.5,1/8oz Jar,Metal BOPP ,PET,Matte,10000,0.09087
1.5,6.5,1/8oz Jar,Metal BOPP ,PET,Matte,15000,0.08346
1.5,6.5,1/8oz Jar,Metal BOPP ,PET,Matte,20000,0.07904
1.5,6.5,1/8oz Jar,Metal BOPP ,PET,Matte,50000,0.068874
1.5,6.5,1/8oz Jar,Metal BOPP ,PET,Matte,75000,0.066469
1.5,6.5,1/8oz Jar,Metal BOPP ,PET,Matte,100000,0.064883
1.5,6.5,1/8oz Jar,Metal BOPP ,PET,Matte,400000,0.064883
1.5,6.5,1/8oz Jar,Metal BOPP ,PET,Matte,800000,0.064883
1.5,6.5,1/8oz Jar,Metal BOPP ,PET,Matte,1000000,0.064883
1.5,6.5,1/8oz Jar,White BOPP,PET,Gloss,1000,0.2743
1.5,6.5,1/8oz Jar,White BOPP,PET,Gloss,2500,0.14144
1.5,6.5,1/8oz Jar,White BOPP,PET,Gloss,5000,0.0988
1.5,6.5,1/8oz Jar,White BOPP,PET,Gloss,7500,0.086151
1.5,6.5,1/8oz Jar,White BOPP,PET,Gloss,10000,0.07852
1.5,6.5,1/8oz Jar,White BOPP,PET,Gloss,15000,0.071331
1.5,6.5,1/8oz Jar,White BOPP,PET,Gloss,20000,0.06721
1.5,6.5,1/8oz Jar,White BOPP,PET,Gloss,50000,0.058136
1.5,6.5,1/8oz Jar,White BOPP,PET,Gloss,75000,0.055965
1.5,6.5,1/8oz Jar,White BOPP,PET,Gloss,100000,0.05473
1.5,6.5,1/8oz Jar,White BOPP,PET,Gloss,400000,0.05473
1.5,6.5,1/8oz Jar,White BOPP,PET,Gloss,800000,0.05473
1.5,6.5,1/8oz Jar,White BOPP,PET,Gloss,1000000,0.05473
1.5,6.5,1/8oz Jar,White BOPP,PET,Matte,1000,0.2743
1.5,6.5,1/8oz Jar,White BOPP,PET,Matte,2500,0.14144
1.5,6.5,1/8oz Jar,White BOPP,PET,Matte,5000,0.0988
1.5,6.5,1/8oz Jar,White BOPP,PET,Matte,7500,0.086151
1.5,6.5,1/8oz Jar,White BOPP,PET,Matte,10000,0.07852
1.5,6.5,1/8oz Jar,White BOPP,PET,Matte,15000,0.071331
1.5,6.5,1/8oz Jar,White BOPP,PET,Matte,20000,0.06721
1.5,6.5,1/8oz Jar,White BOPP,PET,Matte,50000,0.058136
1.5,6.5,1/8oz Jar,White BOPP,PET,Matte,75000,0.055965
1.5,6.5,1/8oz Jar,White BOPP,PET,Matte,100000,0.05473
1.5,6.5,1/8oz Jar,White BOPP,PET,Matte,400000,0.05473
1.5,6.5,1/8oz Jar,White BOPP,PET,Matte,800000,0.05473
1.5,6.5,1/8oz Jar,White BOPP,PET,Matte,1000000,0.05473
2.5,4,"Pouches/Bags, Medium Jars / Containers",Metal BOPP ,PET,Gloss,1000,0.2925
2.5,4,"Pouches/Bags, Medium Jars / Containers",Metal BOPP ,PET,Gloss,2500,0.15704
2.5,4,"Pouches/Bags, Medium Jars / Containers",Metal BOPP ,PET,Gloss,5000,0.1144
2.5,4,"Pouches/Bags, Medium Jars / Containers",Metal BOPP ,PET,Gloss,7500,0.10088
2.5,4,"Pouches/Bags, Medium Jars / Containers",Metal BOPP ,PET,Gloss,10000,0.09282
2.5,4,"Pouches/Bags, Medium Jars / Containers",Metal BOPP ,PET,Gloss,15000,0.085189
2.5,4,"Pouches/Bags, Medium Jars / Containers",Metal BOPP ,PET,Gloss,20000,0.080925
2.5,4,"Pouches/Bags, Medium Jars / Containers",Metal BOPP ,PET,Gloss,50000,0.070538
2.5,4,"Pouches/Bags, Medium Jars / Containers",Metal BOPP ,PET,Gloss,75000,0.068224
2.5,4,"Pouches/Bags, Medium Jars / Containers",Metal BOPP ,PET,Gloss,100000,0.06643
2.5,4,"Pouches/Bags, Medium Jars / Containers",Metal BOPP ,PET,Gloss,400000,0.06643
2.5,4,"Pouches/Bags, Medium Jars / Containers",Metal BOPP ,PET,Gloss,800000,0.06643
2.5,4,"Pouches/Bags, Medium Jars / Containers",Metal BOPP ,PET,Gloss,1000000,0.06643
2.5,4,"Pouches/Bags, Medium Jars / Containers",Metal BOPP ,PET,Matte,1000,0.2925
2.5,4,"Pouches/Bags, Medium Jars / Containers",Metal BOPP ,PET,Matte,2500,0.15704
2.5,4,"Pouches/Bags, Medium Jars / Containers",Metal BOPP ,PET,Matte,5000,0.1144
2.5,4,"Pouches/Bags, Medium Jars / Containers",Metal BOPP ,PET,Matte,7500,0.10088
2.5,4,"Pouches/Bags, Medium Jars / Containers",Metal BOPP ,PET,Matte,10000,0.09282
2.5,4,"Pouches/Bags, Medium Jars / Containers",Metal BOPP ,PET,Matte,15000,0.085189
2.5,4,"Pouches/Bags, Medium Jars / Containers",Metal BOPP ,PET,Matte,20000,0.080925
2.5,4,"Pouches/Bags, Medium Jars / Containers",Metal BOPP ,PET,Matte,50000,0.070538
2.5,4,"Pouches/Bags, Medium Jars / Containers",Metal BOPP ,PET,Matte,75000,0.068224
2.5,4,"Pouches/Bags, Medium Jars / Containers",Metal BOPP ,PET,Matte,100000,0.06643
2.5,4,"Pouches/Bags, Medium Jars / Containers",Metal BOPP ,PET,Matte,400000,0.06643
2.5,4,"Pouches/Bags, Medium Jars / Containers",Metal BOPP ,PET,Matte,800000,0.06643
2.5,4,"Pouches/Bags, Medium Jars / Containers",Metal BOPP ,PET,Matte,1000000,0.06643
2.5,4,"Pouches/Bags, Medium Jars / Containers",White BOPP,PET,Gloss,1000,0.2743
2.5,4,"Pouches/Bags, Medium Jars / Containers",White BOPP,PET,Gloss,2500,0.14248
2.5,4,"Pouches/Bags, Medium Jars / Containers",White BOPP,PET,Gloss,5000,0.10088
2.5,4,"Pouches/Bags, Medium Jars / Containers",White BOPP,PET,Gloss,7500,0.08788
2.5,4,"Pouches/Bags, Medium Jars / Containers",White BOPP,PET,Gloss,10000,0.07995
2.5,4,"Pouches/Bags, Medium Jars / Containers",White BOPP,PET,Gloss,15000,0.072709
2.5,4,"Pouches/Bags, Medium Jars / Containers",White BOPP,PET,Gloss,20000,0.068835
2.5,4,"Pouches/Bags, Medium Jars / Containers",White BOPP,PET,Gloss,50000,0.05941
2.5,4,"Pouches/Bags, Medium Jars / Containers",White BOPP,PET,Gloss,75000,0.057473
2.5,4,"Pouches/Bags, Medium Jars / Containers",White BOPP,PET,Gloss,100000,0.055991
2.5,4,"Pouches/Bags, Medium Jars / Containers",White BOPP,PET,Gloss,400000,0.055991
2.5,4,"Pouches/Bags, Medium Jars / Containers",White BOPP,PET,Gloss,800000,0.055991
2.5,4,"Pouches/Bags, Medium Jars / Containers",White BOPP,PET,Gloss,1000000,0.055991
2.5,4,"Pouches/Bags, Medium Jars / Containers",White BOPP,PET,Matte,1000,0.2743
2.5,4,"Pouches/Bags, Medium Jars / Containers",White BOPP,PET,Matte,2500,0.14248
2.5,4,"Pouches/Bags, Medium Jars / Containers",White BOPP,PET,Matte,5000,0.10088
2.5,4,"Pouches/Bags, Medium Jars / Containers",White BOPP,PET,Matte,7500,0.08788
2.5,4,"Pouches/Bags, Medium Jars / Containers",White BOPP,PET,Matte,10000,0.07995
2.5,4,"Pouches/Bags, Medium Jars / Containers",White BOPP,PET,Matte,15000,0.072709
2.5,4,"Pouches/Bags, Medium Jars / Containers",White BOPP,PET,Matte,20000,0.068835
2.5,4,"Pouches/Bags, Medium Jars / Containers",White BOPP,PET,Matte,50000,0.05941
2.5,4,"Pouches/Bags, Medium Jars / Containers",White BOPP,PET,Matte,75000,0.057473
2.5,4,"Pouches/Bags, Medium Jars / Containers",White BOPP,PET,Matte,100000,0.055991
2.5,4,"Pouches/Bags, Medium Jars / Containers",White BOPP,PET,Matte,400000,0.055991
2.5,4,"Pouches/Bags, Medium Jars / Containers",White BOPP,PET,Matte,800000,0.055991
2.5,4,"Pouches/Bags, Medium Jars / Containers",White BOPP,PET,Matte,1000000,0.055991
3,4,Mylar Bag,Metal BOPP ,PET,Gloss,1000,0.3172
3,4,Mylar Bag,Metal BOPP ,PET,Gloss,2500,0.18044
3,4,Mylar Bag,Metal BOPP ,PET,Gloss,5000,0.13728
3,4,Mylar Bag,Metal BOPP ,PET,Gloss,7500,0.12324
3,4,Mylar Bag,Metal BOPP ,PET,Gloss,10000,0.11492
3,4,Mylar Bag,Metal BOPP ,PET,Gloss,15000,0.107471
3,4,Mylar Bag,Metal BOPP ,PET,Gloss,20000,0.102375
3,4,Mylar Bag,Metal BOPP ,PET,Gloss,50000,0.091182
3,4,Mylar Bag,Metal BOPP ,PET,Gloss,75000,0.088179
3,4,Mylar Bag,Metal BOPP ,PET,Gloss,100000,0.084175
3,4,Mylar Bag,Metal BOPP ,PET,Gloss,400000,0.084175
3,4,Mylar Bag,Metal BOPP ,PET,Gloss,800000,0.084175
3,4,Mylar Bag,Metal BOPP ,PET,Gloss,1000000,0.084175
3,4,Mylar Bag,Metal BOPP ,PET,Matte,1000,0.3172
3,4,Mylar Bag,Metal BOPP ,PET,Matte,2500,0.18044
3,4,Mylar Bag,Metal BOPP ,PET,Matte,5000,0.13728
3,4,Mylar Bag,Metal BOPP ,PET,Matte,7500,0.12324
3,4,Mylar Bag,Metal BOPP ,PET,Matte,10000,0.11492
3,4,Mylar Bag,Metal BOPP ,PET,Matte,15000,0.107471
3,4,Mylar Bag,Metal BOPP ,PET,Matte,20000,0.102375
3,4,Mylar Bag,Metal BOPP ,PET,Matte,50000,0.091182
3,4,Mylar Bag,Metal BOPP ,PET,Matte,75000,0.088179
3,4,Mylar Bag,Metal BOPP ,PET,Matte,100000,0.084175
3,4,Mylar Bag,Metal BOPP ,PET,Matte,400000,0.084175
3,4,Mylar Bag,Metal BOPP ,PET,Matte,800000,0.084175
3,4,Mylar Bag,Metal BOPP ,PET,Matte,1000000,0.084175
3,4,Mylar Bag,White BOPP,PET,Gloss,1000,0.2925
3,4,Mylar Bag,White BOPP,PET,Gloss,2500,0.16224
3,4,Mylar Bag,White BOPP,PET,Gloss,5000,0.11934
3,4,Mylar Bag,White BOPP,PET,Gloss,7500,0.105911
3,4,Mylar Bag,White BOPP,PET,Gloss,10000,0.09815
3,4,Mylar Bag,White BOPP,PET,Gloss,15000,0.09126
3,4,Mylar Bag,White BOPP,PET,Gloss,20000,0.08723
3,4,Mylar Bag,White BOPP,PET,Gloss,50000,0.076648
3,4,Mylar Bag,White BOPP,PET,Gloss,75000,0.074295
3,4,Mylar Bag,White BOPP,PET,Gloss,100000,0.072267
3,4,Mylar Bag,White BOPP,PET,Gloss,400000,0.072267
3,4,Mylar Bag,White BOPP,PET,Gloss,800000,0.072267
3,4,Mylar Bag,White BOPP,PET,Gloss,1000000,0.072267
3,4,Mylar Bag,White BOPP,PET,Matte,1000,0.2925
3,4,Mylar Bag,White BOPP,PET,Matte,2500,0.16224
3,4,Mylar Bag,White BOPP,PET,Matte,5000,0.11934
3,4,Mylar Bag,White BOPP,PET,Matte,7500,0.105911
3,4,Mylar Bag,White BOPP,PET,Matte,10000,0.09815
3,4,Mylar Bag,White BOPP,PET,Matte,15000,0.09126
3,4,Mylar Bag,White BOPP,PET,Matte,20000,0.08723
3,4,Mylar Bag,White BOPP,PET,Matte,50000,0.076648
3,4,Mylar Bag,White BOPP,PET,Matte,75000,0.074295
3,4,Mylar Bag,White BOPP,PET,Matte,100000,0.072267
3,4,Mylar Bag,White BOPP,PET,Matte,400000,0.072267
3,4,Mylar Bag,White BOPP,PET,Matte,800000,0.072267
3,4,Mylar Bag,White BOPP,PET,Matte,1000000,0.072267
3,5.5,"Pouches/Bags, Food/Beverage Containers",Metal BOPP ,PET,Gloss,1000,0.3549
3,5.5,"Pouches/Bags, Food/Beverage Containers",Metal BOPP ,PET,Gloss,2500,0.22256
3,5.5,"Pouches/Bags, Food/Beverage Containers",Metal BOPP ,PET,Gloss,5000,0.17862
3,5.5,"Pouches/Bags, Food/Beverage Containers",Metal BOPP ,PET,Gloss,7500,0.161369
3,5.5,"Pouches/Bags, Food/Beverage Containers",Metal BOPP ,PET,Gloss,10000,0.15405
3,5.5,"Pouches/Bags, Food/Beverage Containers",Metal BOPP ,PET,Gloss,15000,0.143611
3,5.5,"Pouches/Bags, Food/Beverage Containers",Metal BOPP ,PET,Gloss,20000,0.13663
3,5.5,"Pouches/Bags, Food/Beverage Containers",Metal BOPP ,PET,Gloss,50000,0.125476
3,5.5,"Pouches/Bags, Food/Beverage Containers",Metal BOPP ,PET,Gloss,75000,0.117676
3,5.5,"Pouches/Bags, Food/Beverage Containers",Metal BOPP ,PET,Gloss,100000,0.111306
3,5.5,"Pouches/Bags, Food/Beverage Containers",Metal BOPP ,PET,Gloss,400000,0.111306
3,5.5,"Pouches/Bags, Food/Beverage Containers",Metal BOPP ,PET,Gloss,800000,0.111306
3,5.5,"Pouches/Bags, Food/Beverage Containers",Metal BOPP ,PET,Gloss,1000000,0.111306
3,5.5,"Pouches/Bags, Food/Beverage Containers",Metal BOPP ,PET,Matte,1000,0.3549
3,5.5,"Pouches/Bags, Food/Beverage Containers",Metal BOPP ,PET,Matte,2500,0.22256
3,5.5,"Pouches/Bags, Food/Beverage Containers",Metal BOPP ,PET,Matte,5000,0.17862
3,5.5,"Pouches/Bags, Food/Beverage Containers",Metal BOPP ,PET,Matte,7500,0.161369
3,5.5,"Pouches/Bags, Food/Beverage Containers",Metal BOPP ,PET,Matte,10000,0.15405
3,5.5,"Pouches/Bags, Food/Beverage Containers",Metal BOPP ,PET,Matte,15000,0.143611
3,5.5,"Pouches/Bags, Food/Beverage Containers",Metal BOPP ,PET,Matte,20000,0.13663
3,5.5,"Pouches/Bags, Food/Beverage Containers",Metal BOPP ,PET,Matte,50000,0.125476
3,5.5,"Pouches/Bags, Food/Beverage Containers",Metal BOPP ,PET,Matte,75000,0.117676
3,5.5,"Pouches/Bags, Food/Beverage Containers",Metal BOPP ,PET,Matte,100000,0.111306
3,5.5,"Pouches/Bags, Food/Beverage Containers",Metal BOPP ,PET,Matte,400000,0.111306
3,5.5,"Pouches/Bags, Food/Beverage Containers",Metal BOPP ,PET,Matte,800000,0.111306
3,5.5,"Pouches/Bags, Food/Beverage Containers",Metal BOPP ,PET,Matte,1000000,0.111306
3,5.5,"Pouches/Bags, Food/Beverage Containers",White BOPP,PET,Gloss,1000,0.325
3,5.5,"Pouches/Bags, Food/Beverage Containers",White BOPP,PET,Gloss,2500,0.19656
3,5.5,"Pouches/Bags, Food/Beverage Containers",White BOPP,PET,Gloss,5000,0.15444
3,5.5,"Pouches/Bags, Food/Beverage Containers",White BOPP,PET,Gloss,7500,0.137449
3,5.5,"Pouches/Bags, Food/Beverage Containers",White BOPP,PET,Gloss,10000,0.13078
3,5.5,"Pouches/Bags, Food/Beverage Containers",White BOPP,PET,Gloss,15000,0.12246
3,5.5,"Pouches/Bags, Food/Beverage Containers",White BOPP,PET,Gloss,20000,0.11648
3,5.5,"Pouches/Bags, Food/Beverage Containers",White BOPP,PET,Gloss,50000,0.105482
3,5.5,"Pouches/Bags, Food/Beverage Containers",White BOPP,PET,Gloss,75000,0.101088
3,5.5,"Pouches/Bags, Food/Beverage Containers",White BOPP,PET,Gloss,100000,0.095147
3,5.5,"Pouches/Bags, Food/Beverage Containers",White BOPP,PET,Gloss,400000,0.095147
3,5.5,"Pouches/Bags, Food/Beverage Containers",White BOPP,PET,Gloss,800000,0.095147
3,5.5,"Pouches/Bags, Food/Beverage Containers",White BOPP,PET,Gloss,1000000,0.095147
3,5.5,"Pouches/Bags, Food/Beverage Containers",White BOPP,PET,Matte,1000,0.325
3,5.5,"Pouches/Bags, Food/Beverage Containers",White BOPP,PET,Matte,2500,0.19656
3,5.5,"Pouches/Bags, Food/Beverage Containers",White BOPP,PET,Matte,5000,0.15444
3,5.5,"Pouches/Bags, Food/Beverage Containers",White BOPP,PET,Matte,7500,0.137449
3,5.5,"Pouches/Bags, Food/Beverage Containers",White BOPP,PET,Matte,10000,0.13078
3,5.5,"Pouches/Bags, Food/Beverage Containers",White BOPP,PET,Matte,15000,0.12246
3,5.5,"Pouches/Bags, Food/Beverage Containers",White BOPP,PET,Matte,20000,0.11648
3,5.5,"Pouches/Bags, Food/Beverage Containers",White BOPP,PET,Matte,50000,0.105482
3,5.5,"Pouches/Bags, Food/Beverage Containers",White BOPP,PET,Matte,75000,0.101088
3,5.5,"Pouches/Bags, Food/Beverage Containers",White BOPP,PET,Matte,100000,0.095147
3,5.5,"Pouches/Bags, Food/Beverage Containers",White BOPP,PET,Matte,400000,0.095147
3,5.5,"Pouches/Bags, Food/Beverage Containers",White BOPP,PET,Matte,800000,0.095147
3,5.5,"Pouches/Bags, Food/Beverage Containers",White BOPP,PET,Matte,1000000,0.095147
3.625,6.5,12oz Can,Metal BOPP ,PET,Gloss,1000,0.113
3.625,6.5,12oz Can,Metal BOPP ,PET,Gloss,2500,0.103
3.625,6.5,12oz Can,Metal BOPP ,PET,Gloss,5000,0.093
3.625,6.5,12oz Can,Metal BOPP ,PET,Gloss,7500,0.088
3.625,6.5,12oz Can,Metal BOPP ,PET,Gloss,10000,0.083
3.625,6.5,12oz Can,Metal BOPP ,PET,Gloss,15000,0.078
3.625,6.5,12oz Can,Metal BOPP ,PET,Gloss,20000,0.078
3.625,6.5,12oz Can,Metal BOPP ,PET,Gloss,50000,0.073
3.625,6.5,12oz Can,Metal BOPP ,PET,Gloss,75000,0.073
3.625,6.5,12oz Can,Metal BOPP ,PET,Gloss,100000,0.071
3.625,6.5,12oz Can,Metal BOPP ,PET,Gloss,400000,0.068
3.625,6.5,12oz Can,Metal BOPP ,PET,Gloss,800000,0.065
3.625,6.5,12oz Can,Metal BOPP ,PET,Gloss,1000000,0.063
3.625,6.5,12oz Can,Metal BOPP ,PET,Matte,1000,0.115
3.625,6.5,12oz Can,Metal BOPP ,PET,Matte,2500,0.105
3.625,6.5,12oz Can,Metal BOPP ,PET,Matte,5000,0.095
3.625,6.5,12oz Can,Metal BOPP ,PET,Matte,7500,0.09
3.625,6.5,12oz Can,Metal BOPP ,PET,Matte,10000,0.085
3.625,6.5,12oz Can,Metal BOPP ,PET,Matte,15000,0.08
3.625,6.5,12oz Can,Metal BOPP ,PET,Matte,20000,0.08
3.625,6.5,12oz Can,Metal BOPP ,PET,Matte,50000,0.075
3.625,6.5,12oz Can,Metal BOPP ,PET,Matte,75000,0.075
3.625,6.5,12oz Can,Metal BOPP ,PET,Matte,100000,0.073
3.625,6.5,12oz Can,Metal BOPP ,PET,Matte,400000,0.07
3.625,6.5,12oz Can,Metal BOPP ,PET,Matte,800000,0.067
3.625,6.5,12oz Can,Metal BOPP ,PET,Matte,1000000,0.065
3.625,6.5,12oz Can,White BOPP,PET,Gloss,1000,0.109
3.625,6.5,12oz Can,White BOPP,PET,Gloss,2500,0.099
3.625,6.5,12oz Can,White BOPP,PET,Gloss,5000,0.089
3.625,6.5,12oz Can,White BOPP,PET,Gloss,7500,0.084
3.625,6.5,12oz Can,White BOPP,PET,Gloss,10000,0.079
3.625,6.5,12oz Can,White BOPP,PET,Gloss,15000,0.074
3.625,6.5,12oz Can,White BOPP,PET,Gloss,20000,0.074
3.625,6.5,12oz Can,White BOPP,PET,Gloss,50000,0.069
3.625,6.5,12oz Can,White BOPP,PET,Gloss,75000,0.069
3.625,6.5,12oz Can,White BOPP,PET,Gloss,100000,0.067
3.625,6.5,12oz Can,White BOPP,PET,Gloss,400000,0.064
3.625,6.5,12oz Can,White BOPP,PET,Gloss,800000,0.061
3.625,6.5,12oz Can,White BOPP,PET,Gloss,1000000,0.059
3.625,6.5,12oz Can,White BOPP,PET,Matte,1000,0.111
3.625,6.5,12oz Can,White BOPP,PET,Matte,2500,0.101
3.625,6.5,12oz Can,White BOPP,PET,Matte,5000,0.091
3.625,6.5,12oz Can,White BOPP,PET,Matte,7500,0.086
3.625,6.5,12oz Can,White BOPP,PET,Matte,10000,0.081
3.625,6.5,12oz Can,White BOPP,PET,Matte,15000,0.076
3.625,6.5,12oz Can,White BOPP,PET,Matte,20000,0.076
3.625,6.5,12oz Can,White BOPP,PET,Matte,50000,0.071
3.625,6.5,12oz Can,White BOPP,PET,Matte,75000,0.071
3.625,6.5,12oz Can,White BOPP,PET,Matte,100000,0.069
3.625,6.5,12oz Can,White BOPP,PET,Matte,400000,0.066
3.625,6.5,12oz Can,White BOPP,PET,Matte,800000,0.063
3.625,6.5,12oz Can,White BOPP,PET,Matte,1000000,0.061
3.625,7.5,12oz Can,Metal BOPP ,PET,Gloss,1000,0.116
3.625,7.5,12oz Can,Metal BOPP ,PET,Gloss,2500,0.106
3.625,7.5,12oz Can,Metal BOPP ,PET,Gloss,5000,0.096
3.625,7.5,12oz Can,Metal BOPP ,PET,Gloss,7500,0.091
3.625,7.5,12oz Can,Metal BOPP ,PET,Gloss,10000,0.086
3.625,7.5,12oz Can,Metal BOPP ,PET,Gloss,15000,0.081
3.625,7.5,12oz Can,Metal BOPP ,PET,Gloss,20000,0.081
3.625,7.5,12oz Can,Metal BOPP ,PET,Gloss,50000,0.076
3.625,7.5,12oz Can,Metal BOPP ,PET,Gloss,75000,0.076
3.625,7.5,12oz Can,Metal BOPP ,PET,Gloss,100000,0.074
3.625,7.5,12oz Can,Metal BOPP ,PET,Gloss,400000,0.071
3.625,7.5,12oz Can,Metal BOPP ,PET,Gloss,800000,0.068
3.625,7.5,12oz Can,Metal BOPP ,PET,Gloss,1000000,0.066
3.625,7.5,12oz Can,Metal BOPP ,PET,Matte,1000,0.118
3.625,7.5,12oz Can,Metal BOPP ,PET,Matte,2500,0.108
3.625,7.5,12oz Can,Metal BOPP ,PET,Matte,5000,0.098
3.625,7.5,12oz Can,Metal BOPP ,PET,Matte,7500,0.093
3.625,7.5,12oz Can,Metal BOPP ,PET,Matte,10000,0.088
3.625,7.5,12oz Can,Metal BOPP ,PET,Matte,15000,0.083
3.625,7.5,12oz Can,Metal BOPP ,PET,Matte,20000,0.083
3.625,7.5,12oz Can,Metal BOPP ,PET,Matte,50000,0.078
3.625,7.5,12oz Can,Metal BOPP ,PET,Matte,75000,0.078
3.625,7.5,12oz Can,Metal BOPP ,PET,Matte,100000,0.076
3.625,7.5,12oz Can,Metal BOPP ,PET,Matte,400000,0.073
3.625,7.5,12oz Can,Metal BOPP ,PET,Matte,800000,0.07
3.625,7.5,12oz Can,Metal BOPP ,PET,Matte,1000000,0.068
3.625,7.5,12oz Can,White BOPP,PET,Gloss,1000,0.112
3.625,7.5,12oz Can,White BOPP,PET,Gloss,2500,0.102
3.625,7.5,12oz Can,White BOPP,PET,Gloss,5000,0.092
3.625,7.5,12oz Can,White BOPP,PET,Gloss,7500,0.087
3.625,7.5,12oz Can,White BOPP,PET,Gloss,10000,0.082
3.625,7.5,12oz Can,White BOPP,PET,Gloss,15000,0.077
3.625,7.5,12oz Can,White BOPP,PET,Gloss,20000,0.077
3.625,7.5,12oz Can,White BOPP,PET,Gloss,50000,0.072
3.625,7.5,12oz Can,White BOPP,PET,Gloss,75000,0.072
3.625,7.5,12oz Can,White BOPP,PET,Gloss,100000,0.07
3.625,7.5,12oz Can,White BOPP,PET,Gloss,400000,0.067
3.625,7.5,12oz Can,White BOPP,PET,Gloss,800000,0.064
3.625,7.5,12oz Can,White BOPP,PET,Gloss,1000000,0.062
3.625,7.5,12oz Can,White BOPP,PET,Matte,1000,0.114
3.625,7.5,12oz Can,White BOPP,PET,Matte,2500,0.104
3.625,7.5,12oz Can,White BOPP,PET,Matte,5000,0.094
3.625,7.5,12oz Can,White BOPP,PET,Matte,7500,0.089
3.625,7.5,12oz Can,White BOPP,PET,Matte,10000,0.084
3.625,7.5,12oz Can,White BOPP,PET,Matte,15000,0.079
3.625,7.5,12oz Can,White BOPP,PET,Matte,20000,0.079
3.625,7.5,12oz Can,White BOPP,PET,Matte,50000,0.074
3.625,7.5,12oz Can,White BOPP,PET,Matte,75000,0.074
3.625,7.5,12oz Can,White BOPP,PET,Matte,100000,0.072
3.625,7.5,12oz Can,White BOPP,PET,Matte,400000,0.069
3.625,7.5,12oz Can,White BOPP,PET,Matte,800000,0.066
3.625,7.5,12oz Can,White BOPP,PET,Matte,1000000,0.064
3.625,8,12oz Can,Metal BOPP ,PET,Gloss,1000,0.117
3.625,8,12oz Can,Metal BOPP ,PET,Gloss,2500,0.107
3.625,8,12oz Can,Metal BOPP ,PET,Gloss,5000,0.097
3.625,8,12oz Can,Metal BOPP ,PET,Gloss,7500,0.092
3.625,8,12oz Can,Metal BOPP ,PET,Gloss,10000,0.087
3.625,8,12oz Can,Metal BOPP ,PET,Gloss,15000,0.082
3.625,8,12oz Can,Metal BOPP ,PET,Gloss,20000,0.082
3.625,8,12oz Can,Metal BOPP ,PET,Gloss,50000,0.077
3.625,8,12oz Can,Metal BOPP ,PET,Gloss,75000,0.077
3.625,8,12oz Can,Metal BOPP ,PET,Gloss,100000,0.075
3.625,8,12oz Can,Metal BOPP ,PET,Gloss,400000,0.072
3.625,8,12oz Can,Metal BOPP ,PET,Gloss,800000,0.069
3.625,8,12oz Can,Metal BOPP ,PET,Gloss,1000000,0.067
3.625,8,12oz Can,Metal BOPP ,PET,Matte,1000,0.119
3.625,8,12oz Can,Metal BOPP ,PET,Matte,2500,0.109
3.625,8,12oz Can,Metal BOPP ,PET,Matte,5000,0.099
3.625,8,12oz Can,Metal BOPP ,PET,Matte,7500,0.094
3.625,8,12oz Can,Metal BOPP ,PET,Matte,10000,0.089
3.625,8,12oz Can,Metal BOPP ,PET,Matte,15000,0.084
3.625,8,12oz Can,Metal BOPP ,PET,Matte,20000,0.084
3.625,8,12oz Can,Metal BOPP ,PET,Matte,50000,0.079
3.625,8,12oz Can,Metal BOPP ,PET,Matte,75000,0.079
3.625,8,12oz Can,Metal BOPP ,PET,Matte,100000,0.077
3.625,8,12oz Can,Metal BOPP ,PET,Matte,400000,0.074
3.625,8,12oz Can,Metal BOPP ,PET,Matte,800000,0.071
3.625,8,12oz Can,Metal BOPP ,PET,Matte,1000000,0.069
3.625,8,12oz Can,White BOPP,PET,Gloss,1000,0.113
3.625,8,12oz Can,White BOPP,PET,Gloss,2500,0.103
3.625,8,12oz Can,White BOPP,PET,Gloss,5000,0.093
3.625,8,12oz Can,White BOPP,PET,Gloss,7500,0.088
3.625,8,12oz Can,White BOPP,PET,Gloss,10000,0.083
3.625,8,12oz Can,White BOPP,PET,Gloss,15000,0.078
3.625,8,12oz Can,White BOPP,PET,Gloss,20000,0.078
3.625,8,12oz Can,White BOPP,PET,Gloss,50000,0.073
3.625,8,12oz Can,White BOPP,PET,Gloss,75000,0.073
3.625,8,12oz Can,White BOPP,PET,Gloss,100000,0.071
3.625,8,12oz Can,White BOPP,PET,Gloss,400000,0.068
3.625,8,12oz Can,White BOPP,PET,Gloss,800000,0.065
3.625,8,12oz Can,White BOPP,PET,Gloss,1000000,0.063
3.625,8,12oz Can,White BOPP,PET,Matte,1000,0.115
3.625,8,12oz Can,White BOPP,PET,Matte,2500,0.105
3.625,8,12oz Can,White BOPP,PET,Matte,5000,0.095
3.625,8,12oz Can,White BOPP,PET,Matte,7500,0.09
3.625,8,12oz Can,White BOPP,PET,Matte,10000,0.085
3.625,8,12oz Can,White BOPP,PET,Matte,15000,0.08
3.625,8,12oz Can,White BOPP,PET,Matte,20000,0.08
3.625,8,12oz Can,White BOPP,PET,Matte,50000,0.075
3.625,8,12oz Can,White BOPP,PET,Matte,75000,0.075
3.625,8,12oz Can,White BOPP,PET,Matte,100000,0.073
3.625,8,12oz Can,White BOPP,PET,Matte,400000,0.07
3.625,8,12oz Can,White BOPP,PET,Matte,800000,0.067
3.625,8,12oz Can,White BOPP,PET,Matte,1000000,0.065
5,6.5,16oz Can,Metal BOPP ,PET,Gloss,1000,0.126
5,6.5,16oz Can,Metal BOPP ,PET,Gloss,2500,0.116
5,6.5,16oz Can,Metal BOPP ,PET,Gloss,5000,0.106
5,6.5,16oz Can,Metal BOPP ,PET,Gloss,7500,0.101
5,6.5,16oz Can,Metal BOPP ,PET,Gloss,10000,0.096
5,6.5,16oz Can,Metal BOPP ,PET,Gloss,15000,0.091
5,6.5,16oz Can,Metal BOPP ,PET,Gloss,20000,0.091
5,6.5,16oz Can,Metal BOPP ,PET,Gloss,50000,0.086
5,6.5,16oz Can,Metal BOPP ,PET,Gloss,75000,0.086
5,6.5,16oz Can,Metal BOPP ,PET,Gloss,100000,0.084
5,6.5,16oz Can,Metal BOPP ,PET,Gloss,400000,0.081
5,6.5,16oz Can,Metal BOPP ,PET,Gloss,800000,0.078
5,6.5,16oz Can,Metal BOPP ,PET,Gloss,1000000,0.076
5,6.5,16oz Can,Metal BOPP ,PET,Matte,1000,0.128
5,6.5,16oz Can,Metal BOPP ,PET,Matte,2500,0.118
5,6.5,16oz Can,Metal BOPP ,PET,Matte,5000,0.108
5,6.5,16oz Can,Metal BOPP ,PET,Matte,7500,0.103
5,6.5,16oz Can,Metal BOPP ,PET,Matte,10000,0.098
5,6.5,16oz Can,Metal BOPP ,PET,Matte,15000,0.093
5,6.5,16oz Can,Metal BOPP ,PET,Matte,20000,0.093
5,6.5,16oz Can,Metal BOPP ,PET,Matte,50000,0.088
5,6.5,16oz Can,Metal BOPP ,PET,Matte,75000,0.088
5,6.5,16oz Can,Metal BOPP ,PET,Matte,100000,0.086
5,6.5,16oz Can,Metal BOPP ,PET,Matte,400000,0.083
5,6.5,16oz Can,Metal BOPP ,PET,Matte,800000,0.08
5,6.5,16oz Can,Metal BOPP ,PET,Matte,1000000,0.078
5,6.5,16oz Can,White BOPP,PET,Gloss,1000,0.122
5,6.5,16oz Can,White BOPP,PET,Gloss,2500,0.112
5,6.5,16oz Can,White BOPP,PET,Gloss,5000,0.102
5,6.5,16oz Can,White BOPP,PET,Gloss,7500,0.097
5,6.5,16oz Can,White BOPP,PET,Gloss,10000,0.092
5,6.5,16oz Can,White BOPP,PET,Gloss,15000,0.089
5,6.5,16oz Can,White BOPP,PET,Gloss,20000,0.087
5,6.5,16oz Can,White BOPP,PET,Gloss,50000,0.084
5,6.5,16oz Can,White BOPP,PET,Gloss,75000,0.082
5,6.5,16oz Can,White BOPP,PET,Gloss,100000,0.08
5,6.5,16oz Can,White BOPP,PET,Gloss,400000,0.077
5,6.5,16oz Can,White BOPP,PET,Gloss,800000,0.074
5,6.5,16oz Can,White BOPP,PET,Gloss,1000000,0.072
5,6.5,16oz Can,White BOPP,PET,Matte,1000,0.124
5,6.5,16oz Can,White BOPP,PET,Matte,2500,0.114
5,6.5,16oz Can,White BOPP,PET,Matte,5000,0.104
5,6.5,16oz Can,White BOPP,PET,Matte,7500,0.099
5,6.5,16oz Can,White BOPP,PET,Matte,10000,0.094
5,6.5,16oz Can,White BOPP,PET,Matte,15000,0.089
5,6.5,16oz Can,White BOPP,PET,Matte,20000,0.089
5,6.5,16oz Can,White BOPP,PET,Matte,50000,0.084
5,6.5,16oz Can,White BOPP,PET,Matte,75000,0.084
5,6.5,16oz Can,White BOPP,PET,Matte,100000,0.082
5,6.5,16oz Can,White BOPP,PET,Matte,400000,0.079
5,6.5,16oz Can,White BOPP,PET,Matte,800000,0.076
5,6.5,16oz Can,White BOPP,PET,Matte,1000000,0.074
5,7.5,16oz Can,Metal BOPP ,PET,Gloss,1000,0.131
5,7.5,16oz Can,Metal BOPP ,PET,Gloss,2500,0.121
5,7.5,16oz Can,Metal BOPP ,PET,Gloss,5000,0.111
5,7.5,16oz Can,Metal BOPP ,PET,Gloss,7500,0.106
5,7.5,16oz Can,Metal BOPP ,PET,Gloss,10000,0.101
5,7.5,16oz Can,Metal BOPP ,PET,Gloss,15000,0.096
5,7.5,16oz Can,Metal BOPP ,PET,Gloss,20000,0.096
5,7.5,16oz Can,Metal BOPP ,PET,Gloss,50000,0.091
5,7.5,16oz Can,Metal BOPP ,PET,Gloss,75000,0.091
5,7.5,16oz Can,Metal BOPP ,PET,Gloss,100000,0.089
5,7.5,16oz Can,Metal BOPP ,PET,Gloss,400000,0.086
5,7.5,16oz Can,Metal BOPP ,PET,Gloss,800000,0.083
5,7.5,16oz Can,Metal BOPP ,PET,Gloss,1000000,0.081
5,7.5,16oz Can,Metal BOPP ,PET,Matte,1000,0.133
5,7.5,16oz Can,Metal BOPP ,PET,Matte,2500,0.123
5,7.5,16oz Can,Metal BOPP ,PET,Matte,5000,0.113
5,7.5,16oz Can,Metal BOPP ,PET,Matte,7500,0.108
5,7.5,16oz Can,Metal BOPP ,PET,Matte,10000,0.103
5,7.5,16oz Can,Metal BOPP ,PET,Matte,15000,0.098
5,7.5,16oz Can,Metal BOPP ,PET,Matte,20000,0.098
5,7.5,16oz Can,Metal BOPP ,PET,Matte,50000,0.093
5,7.5,16oz Can,Metal BOPP ,PET,Matte,75000,0.093
5,7.5,16oz Can,Metal BOPP ,PET,Matte,100000,0.091
5,7.5,16oz Can,Metal BOPP ,PET,Matte,400000,0.088
5,7.5,16oz Can,Metal BOPP ,PET,Matte,800000,0.085
5,7.5,16oz Can,Metal BOPP ,PET,Matte,1000000,0.083
5,7.5,16oz Can,White BOPP,PET,Gloss,1000,0.126
5,7.5,16oz Can,White BOPP,PET,Gloss,2500,0.116
5,7.5,16oz Can,White BOPP,PET,Gloss,5000,0.106
5,7.5,16oz Can,White BOPP,PET,Gloss,7500,0.101
5,7.5,16oz Can,White BOPP,PET,Gloss,10000,0.096
5,7.5,16oz Can,White BOPP,PET,Gloss,15000,0.091
5,7.5,16oz Can,White BOPP,PET,Gloss,20000,0.091
5,7.5,16oz Can,White BOPP,PET,Gloss,50000,0.086
5,7.5,16oz Can,White BOPP,PET,Gloss,75000,0.086
5,7.5,16oz Can,White BOPP,PET,Gloss,100000,0.084
5,7.5,16oz Can,White BOPP,PET,Gloss,400000,0.081
5,7.5,16oz Can,White BOPP,PET,Gloss,800000,0.078
5,7.5,16oz Can,White BOPP,PET,Gloss,1000000,0.076
5,7.5,16oz Can,White BOPP,PET,Matte,1000,0.128
5,7.5,16oz Can,White BOPP,PET,Matte,2500,0.118
5,7.5,16oz Can,White BOPP,PET,Matte,5000,0.108
5,7.5,16oz Can,White BOPP,PET,Matte,7500,0.103
5,7.5,16oz Can,White BOPP,PET,Matte,10000,0.098
5,7.5,16oz Can,White BOPP,PET,Matte,15000,0.093
5,7.5,16oz Can,White BOPP,PET,Matte,20000,0.093
5,7.5,16oz Can,White BOPP,PET,Matte,50000,0.088
5,7.5,16oz Can,White BOPP,PET,Matte,75000,0.088
5,7.5,16oz Can,White BOPP,PET,Matte,100000,0.086
5,7.5,16oz Can,White BOPP,PET,Matte,400000,0.083
5,7.5,16oz Can,White BOPP,PET,Matte,800000,0.08
5,7.5,16oz Can,White BOPP,PET,Matte,1000000,0.078
5,8,16oz Can,Metal BOPP ,PET,Gloss,1000,0.132
5,8,16oz Can,Metal BOPP ,PET,Gloss,2500,0.122
5,8,16oz Can,Metal BOPP ,PET,Gloss,5000,0.112
5,8,16oz Can,Metal BOPP ,PET,Gloss,7500,0.107
5,8,16oz Can,Metal BOPP ,PET,Gloss,10000,0.102
5,8,16oz Can,Metal BOPP ,PET,Gloss,15000,0.097
5,8,16oz Can,Metal BOPP ,PET,Gloss,20000,0.097
5,8,16oz Can,Metal BOPP ,PET,Gloss,50000,0.092
5,8,16oz Can,Metal BOPP ,PET,Gloss,75000,0.092
5,8,16oz Can,Metal BOPP ,PET,Gloss,100000,0.09
5,8,16oz Can,Metal BOPP ,PET,Gloss,400000,0.087
5,8,16oz Can,Metal BOPP ,PET,Gloss,800000,0.084
5,8,16oz Can,Metal BOPP ,PET,Gloss,1000000,0.082
5,8,16oz Can,Metal BOPP ,PET,Matte,1000,0.134
5,8,16oz Can,Metal BOPP ,PET,Matte,2500,0.124
5,8,16oz Can,Metal BOPP ,PET,Matte,5000,0.114
5,8,16oz Can,Metal BOPP ,PET,Matte,7500,0.109
5,8,16oz Can,Metal BOPP ,PET,Matte,10000,0.104
5,8,16oz Can,Metal BOPP ,PET,Matte,15000,0.099
5,8,16oz Can,Metal BOPP ,PET,Matte,20000,0.099
5,8,16oz Can,Metal BOPP ,PET,Matte,50000,0.094
5,8,16oz Can,Metal BOPP ,PET,Matte,75000,0.094
5,8,16oz Can,Metal BOPP ,PET,Matte,100000,0.092
5,8,16oz Can,Metal BOPP ,PET,Matte,400000,0.089
5,8,16oz Can,Metal BOPP ,PET,Matte,800000,0.086
5,8,16oz Can,Metal BOPP ,PET,Matte,1000000,0.084
5,8,16oz Can,White BOPP,PET,Gloss,1000,0.128
5,8,16oz Can,White BOPP,PET,Gloss,2500,0.118
5,8,16oz Can,White BOPP,PET,Gloss,5000,0.108
5,8,16oz Can,White BOPP,PET,Gloss,7500,0.103
5,8,16oz Can,White BOPP,PET,Gloss,10000,0.098
5,8,16oz Can,White BOPP,PET,Gloss,15000,0.093
5,8,16oz Can,White BOPP,PET,Gloss,20000,0.093
5,8,16oz Can,White BOPP,PET,Gloss,50000,0.088
5,8,16oz Can,White BOPP,PET,Gloss,75000,0.088
5,8,16oz Can,White BOPP,PET,Gloss,100000,0.086
5,8,16oz Can,White BOPP,PET,Gloss,400000,0.083
5,8,16oz Can,White BOPP,PET,Gloss,800000,0.08
5,8,16oz Can,White BOPP,PET,Gloss,1000000,0.078
5,8,16oz Can,White BOPP,PET,Matte,1000,0.13
5,8,16oz Can,White BOPP,PET,Matte,2500,0.12
5,8,16oz Can,White BOPP,PET,Matte,5000,0.11
5,8,16oz Can,White BOPP,PET,Matte,7500,0.105
5,8,16oz Can,White BOPP,PET,Matte,10000,0.1
5,8,16oz Can,White BOPP,PET,Matte,15000,0.095
5,8,16oz Can,White BOPP,PET,Matte,20000,0.095
5,8,16oz Can,White BOPP,PET,Matte,50000,0.09
5,8,16oz Can,White BOPP,PET,Matte,75000,0.09
5,8,16oz Can,White BOPP,PET,Matte,100000,0.088
5,8,16oz Can,White BOPP,PET,Matte,400000,0.085
5,8,16oz Can,White BOPP,PET,Matte,800000,0.082
5,8,16oz Can,White BOPP,PET,Matte,1000000,0.08
5.375,7.125,12oz Sleek Can,Holographic Bopp,PET,Gloss,1000,0.3059
5.375,7.125,12oz Sleek Can,Holographic Bopp,PET,Gloss,2500,0.294975
5.375,7.125,12oz Sleek Can,Holographic Bopp,PET,Gloss,5000,0.294975
5.375,7.125,12oz Sleek Can,Holographic Bopp,PET,Gloss,7500,0.294975
5.375,7.125,12oz Sleek Can,Holographic Bopp,PET,Gloss,10000,0.290605
5.375,7.125,12oz Sleek Can,Holographic Bopp,PET,Gloss,15000,0.28405
5.375,7.125,12oz Sleek Can,Holographic Bopp,PET,Gloss,20000,0.273
5.375,7.125,12oz Sleek Can,Holographic Bopp,PET,Gloss,50000,0.2502666
5.375,7.125,12oz Sleek Can,Holographic Bopp,PET,Gloss,75000,0.23495
5.375,7.125,12oz Sleek Can,Holographic Bopp,PET,Gloss,100000,0.22995
5.375,7.125,12oz Sleek Can,Holographic Bopp,PET,Gloss,400000,0.2160864
5.375,7.125,12oz Sleek Can,Holographic Bopp,PET,Gloss,800000,0.20508
5.375,7.125,12oz Sleek Can,Holographic Bopp,PET,Gloss,1000000,0.18961065
5.375,7.125,12oz Sleek Can,Metal BOPP ,PET,Gloss,1000,0.126
5.375,7.125,12oz Sleek Can,Metal BOPP ,PET,Gloss,2500,0.116
5.375,7.125,12oz Sleek Can,Metal BOPP ,PET,Gloss,5000,0.106
5.375,7.125,12oz Sleek Can,Metal BOPP ,PET,Gloss,7500,0.101
5.375,7.125,12oz Sleek Can,Metal BOPP ,PET,Gloss,10000,0.096
5.375,7.125,12oz Sleek Can,Metal BOPP ,PET,Gloss,15000,0.091
5.375,7.125,12oz Sleek Can,Metal BOPP ,PET,Gloss,20000,0.091
5.375,7.125,12oz Sleek Can,Metal BOPP ,PET,Gloss,50000,0.086
5.375,7.125,12oz Sleek Can,Metal BOPP ,PET,Gloss,75000,0.086
5.375,7.125,12oz Sleek Can,Metal BOPP ,PET,Gloss,100000,0.084
5.375,7.125,12oz Sleek Can,Metal BOPP ,PET,Gloss,400000,0.081
5.375,7.125,12oz Sleek Can,Metal BOPP ,PET,Gloss,800000,0.078
5.375,7.125,12oz Sleek Can,Metal BOPP ,PET,Gloss,1000000,0.076
5.375,7.125,12oz Sleek Can,Metal BOPP ,PET,Matte,1000,0.128
5.375,7.125,12oz Sleek Can,Metal BOPP ,PET,Matte,2500,0.118
5.375,7.125,12oz Sleek Can,Metal BOPP ,PET,Matte,5000,0.108
5.375,7.125,12oz Sleek Can,Metal BOPP ,PET,Matte,7500,0.103
5.375,7.125,12oz Sleek Can,Metal BOPP ,PET,Matte,10000,0.098
5.375,7.125,12oz Sleek Can,Metal BOPP ,PET,Matte,15000,0.093
5.375,7.125,12oz Sleek Can,Metal BOPP ,PET,Matte,20000,0.093
5.375,7.125,12oz Sleek Can,Metal BOPP ,PET,Matte,50000,0.088
5.375,7.125,12oz Sleek Can,Metal BOPP ,PET,Matte,75000,0.088
5.375,7.125,12oz Sleek Can,Metal BOPP ,PET,Matte,100000,0.086
5.375,7.125,12oz Sleek Can,Metal BOPP ,PET,Matte,400000,0.083
5.375,7.125,12oz Sleek Can,Metal BOPP ,PET,Matte,800000,0.08
5.375,7.125,12oz Sleek Can,Metal BOPP ,PET,Matte,1000000,0.078
5.375,7.125,12oz Sleek Can,White BOPP,PET,Gloss,1000,0.122
5.375,7.125,12oz Sleek Can,White BOPP,PET,Gloss,2500,0.112
5.375,7.125,12oz Sleek Can,White BOPP,PET,Gloss,5000,0.102
5.375,7.125,12oz Sleek Can,White BOPP,PET,Gloss,7500,0.097
5.375,7.125,12oz Sleek Can,White BOPP,PET,Gloss,10000,0.092
5.375,7.125,12oz Sleek Can,White BOPP,PET,Gloss,15000,0.087
5.375,7.125,12oz Sleek Can,White BOPP,PET,Gloss,20000,0.087
5.375,7.125,12oz Sleek Can,White BOPP,PET,Gloss,50000,0.082
5.375,7.125,12oz Sleek Can,White BOPP,PET,Gloss,75000,0.082
5.375,7.125,12oz Sleek Can,White BOPP,PET,Gloss,100000,0.08
5.375,7.125,12oz Sleek Can,White BOPP,PET,Gloss,400000,0.077
5.375,7.125,12oz Sleek Can,White BOPP,PET,Gloss,800000,0.074
5.375,7.125,12oz Sleek Can,White BOPP,PET,Gloss,1000000,0.072
5.375,7.125,12oz Sleek Can,White BOPP,PET,Matte,1000,0.124
5.375,7.125,12oz Sleek Can,White BOPP,PET,Matte,2500,0.114
5.375,7.125,12oz Sleek Can,White BOPP,PET,Matte,5000,0.104
5.375,7.125,12oz Sleek Can,White BOPP,PET,Matte,7500,0.099
5.375,7.125,12oz Sleek Can,White BOPP,PET,Matte,10000,0.094
5.375,7.125,12oz Sleek Can,White BOPP,PET,Matte,15000,0.089
5.375,7.125,12oz Sleek Can,White BOPP,PET,Matte,20000,0.089
5.375,7.125,12oz Sleek Can,White BOPP,PET,Matte,50000,0.084
5.375,7.125,12oz Sleek Can,White BOPP,PET,Matte,75000,0.084
5.375,7.125,12oz Sleek Can,White BOPP,PET,Matte,100000,0.082
5.375,7.125,12oz Sleek Can,White BOPP,PET,Matte,400000,0.079
5.375,7.125,12oz Sleek Can,White BOPP,PET,Matte,800000,0.076
5.375,7.125,12oz Sleek Can,White BOPP,PET,Matte,1000000,0.074
